Object_Name,chr,start,end,log2FoldChange,pvalue,Alu,Alu_chr,Alu_start,Alu_end
ARHGAP33,19,35774532,35788822,-1.94499338829369,0.0145297343988484,AluY,chr19,35769303,35769605
ARHGAP33,19,35774532,35788822,-1.94499338829369,0.0145297343988484,AluSq2,chr19,35769727,35769897
ARHGAP33,19,35774532,35788822,-1.94499338829369,0.0145297343988484,AluSx4,chr19,35769897,35770201
ARHGAP33,19,35774532,35788822,-1.94499338829369,0.0145297343988484,AluSq2,chr19,35770201,35770337
ARHGAP33,19,35774532,35788822,-1.94499338829369,0.0145297343988484,AluSx1,chr19,35770596,35770820
ARHGAP33,19,35774532,35788822,-1.94499338829369,0.0145297343988484,AluJr,chr19,35771027,35771336
ARHGAP33,19,35774532,35788822,-1.94499338829369,0.0145297343988484,AluY,chr19,35771553,35771844
ARHGAP33,19,35774532,35788822,-1.94499338829369,0.0145297343988484,AluSx3,chr19,35771981,35772300
ARHGAP33,19,35774532,35788822,-1.94499338829369,0.0145297343988484,AluSx1,chr19,35772348,35772643
ARHGAP33,19,35774532,35788822,-1.94499338829369,0.0145297343988484,AluSx3,chr19,35773666,35773965
ARHGAP33,19,35774532,35788822,-1.94499338829369,0.0145297343988484,AluSz,chr19,35773965,35774278
PER3,1,7784291,7845177,-1.06769257917677,0.0399626874750224,AluSz,chr1,7783033,7783324
NFE2L3,7,26152198,26187137,-1.1528176985685,0.0095466251039388,AluSq2,chr7,26147347,26147461
NFE2L3,7,26152198,26187137,-1.1528176985685,0.0095466251039388,AluSq2,chr7,26149075,26149276
NFE2L3,7,26152198,26187137,-1.1528176985685,0.0095466251039388,AluJo,chr7,26149727,26149852
ZNF280C,X,130202707,130268899,-1.5334163886584,0.0080415724923205,AluSg,chrX,130199445,130199738
ZNF280C,X,130202707,130268899,-1.5334163886584,0.0080415724923205,AluSz6,chrX,130200050,130200335
ZNF280C,X,130202707,130268899,-1.5334163886584,0.0080415724923205,AluYm1,chrX,130200955,130201247
ZNF280C,X,130202707,130268899,-1.5334163886584,0.0080415724923205,AluJo,chrX,130202155,130202448
DGKG,3,186105668,186362234,-1.09441485945185,0.0282677249207255,AluJr,chr3,186101276,186101439
DGKG,3,186105668,186362234,-1.09441485945185,0.0282677249207255,AluSq2,chr3,186102350,186102657
DGKG,3,186105668,186362234,-1.09441485945185,0.0282677249207255,AluSx1,chr3,186104739,186105041
NAV3,12,77324641,78213010,-2.44862684677173,0.0012221613317881,AluY,chr12,77319748,77320040
NAV3,12,77324641,78213010,-2.44862684677173,0.0012221613317881,AluJb,chr12,77320560,77320838
ZNF416,19,57571566,57578911,-1.43782803342475,0.0305451514183654,AluSx,chr19,57569740,57570028
DEPDC5,22,31753867,31908033,-1.15727679813747,0.0023910795051856,AluJb,chr22,31750834,31751126
DEPDC5,22,31753867,31908033,-1.15727679813747,0.0023910795051856,AluJo,chr22,31751142,31751297
DEPDC5,22,31753867,31908033,-1.15727679813747,0.0023910795051856,AluSz,chr22,31751317,31751624
DEPDC5,22,31753867,31908033,-1.15727679813747,0.0023910795051856,AluYm1,chr22,31751679,31751976
DEPDC5,22,31753867,31908033,-1.15727679813747,0.0023910795051856,AluJo,chr22,31752242,31752416
DEPDC5,22,31753867,31908033,-1.15727679813747,0.0023910795051856,AluJb,chr22,31752416,31752716
TIMP3,22,32801705,32863041,-1.4230073896908,0.0268956193399922,AluY,chr22,32798682,32798990
MLC1,22,50059391,50085426,-1.3663934978583,0.0005784424683873,AluSx,chr22,50054775,50055086
MLC1,22,50059391,50085426,-1.3663934978583,0.0005784424683873,AluSq2,chr22,50055371,50055675
GSS,20,34928432,34956027,-1.15841257665451,0.0131204127735713,AluSg,chr20,34924688,34924989
BPI,20,38304150,38337505,-1.85937555339412,0.0041774719678965,AluJb,chr20,38299588,38299859
BPI,20,38304150,38337505,-1.85937555339412,0.0041774719678965,AluSz6,chr20,38301585,38301898
BPI,20,38304150,38337505,-1.85937555339412,0.0041774719678965,AluJo,chr20,38302344,38302460
POLR2C,16,57462660,57472009,-1.03738381143238,7.34829487553446e-05,FLAM_C,chr16,57460375,57460498
SLC30A4,15,45479606,45522755,-1.06073708335063,0.0404283974041145,AluY,chr15,45474548,45474850
SLC30A4,15,45479606,45522755,-1.06073708335063,0.0404283974041145,AluSz6,chr15,45475337,45475645
SLC30A4,15,45479606,45522755,-1.06073708335063,0.0404283974041145,AluSx,chr15,45475683,45475994
SLC30A4,15,45479606,45522755,-1.06073708335063,0.0404283974041145,AluJb,chr15,45476054,45476326
SLC30A4,15,45479606,45522755,-1.06073708335063,0.0404283974041145,AluJb,chr15,45477753,45478024
SLC30A4,15,45479606,45522755,-1.06073708335063,0.0404283974041145,AluSx1,chr15,45478516,45478812
SLC30A4,15,45479606,45522755,-1.06073708335063,0.0404283974041145,AluJb,chr15,45479055,45479335
MIER2,19,305573,344815,-1.08078636520968,0.023823889308669,AluSc,chr19,304786,305115
RAI1,17,17681458,17811453,-1.4099681160379,2.86644934171722e-05,AluJb,chr17,17676652,17676830
RAI1,17,17681458,17811453,-1.4099681160379,2.86644934171722e-05,AluJb,chr17,17676855,17676981
RAI1,17,17681458,17811453,-1.4099681160379,2.86644934171722e-05,AluSz6,chr17,17678025,17678226
RAI1,17,17681458,17811453,-1.4099681160379,2.86644934171722e-05,AluJo,chr17,17678357,17678635
RAI1,17,17681458,17811453,-1.4099681160379,2.86644934171722e-05,AluSp,chr17,17679496,17679807
RAI1,17,17681458,17811453,-1.4099681160379,2.86644934171722e-05,FLAM_C,chr17,17680660,17680776
NAGLU,17,42536241,42544449,-1.44716741568894,0.0016286561034933,AluJo,chr17,42531259,42531546
NAGLU,17,42536241,42544449,-1.44716741568894,0.0016286561034933,AluSx,chr17,42531960,42532019
NAGLU,17,42536241,42544449,-1.44716741568894,0.0016286561034933,AluY,chr17,42532525,42532803
NAGLU,17,42536241,42544449,-1.44716741568894,0.0016286561034933,AluY,chr17,42532810,42533118
NAGLU,17,42536241,42544449,-1.44716741568894,0.0016286561034933,AluSx,chr17,42534221,42534376
NAGLU,17,42536241,42544449,-1.44716741568894,0.0016286561034933,AluSx,chr17,42534440,42534618
NAGLU,17,42536241,42544449,-1.44716741568894,0.0016286561034933,AluY,chr17,42534618,42534919
NAGLU,17,42536241,42544449,-1.44716741568894,0.0016286561034933,AluSx,chr17,42534919,42535064
CHKA,11,68052859,68121444,-1.18574189129357,0.0013400766470276,AluSx1,chr11,68048284,68048593
MRPL2,6,43054029,43059438,-1.10733161851951,0.0084420324935689,AluY,chr6,43048756,43049071
ECT2,3,172750682,172821474,-1.22419259431381,0.0202796913731133,AluSx,chr3,172747125,172747427
ECT2,3,172750682,172821474,-1.22419259431381,0.0202796913731133,AluY,chr3,172747568,172747893
ECT2,3,172750682,172821474,-1.22419259431381,0.0202796913731133,FLAM_C,chr3,172747942,172748074
FHL2,2,105357712,105438513,-1.05089921938637,0.0416674028140425,AluSc8,chr2,105352430,105352742
FHL2,2,105357712,105438513,-1.05089921938637,0.0416674028140425,AluSq2,chr2,105354382,105354689
FHL2,2,105357712,105438513,-1.05089921938637,0.0416674028140425,AluJr4,chr2,105355962,105356108
FHL2,2,105357712,105438513,-1.05089921938637,0.0416674028140425,AluSx1,chr2,105356108,105356394
FHL2,2,105357712,105438513,-1.05089921938637,0.0416674028140425,AluJr4,chr2,105356394,105356598
FHL2,2,105357712,105438513,-1.05089921938637,0.0416674028140425,FAM,chr2,105356936,105357111
GADD45A,1,67685201,67688334,-1.03688756513906,0.0260351516127468,AluJo,chr1,67680859,67681160
GADD45A,1,67685201,67688334,-1.03688756513906,0.0260351516127468,AluSq2,chr1,67681564,67681899
GADD45A,1,67685201,67688334,-1.03688756513906,0.0260351516127468,AluSx,chr1,67681899,67682040
ID3,1,23557926,23559501,-1.08531173179487,0.0013472372016729,AluY,chr1,23552882,23553192
ANKRD13C,1,70258999,70354734,-1.07852350854184,0.0075536413778139,AluSc,chr1,70254557,70254832
ANKRD13C,1,70258999,70354734,-1.07852350854184,0.0075536413778139,AluSz,chr1,70255032,70255343
ANKRD13C,1,70258999,70354734,-1.07852350854184,0.0075536413778139,AluY,chr1,70255477,70255763
ANKRD13C,1,70258999,70354734,-1.07852350854184,0.0075536413778139,AluJb,chr1,70255775,70256069
ANKRD13C,1,70258999,70354734,-1.07852350854184,0.0075536413778139,AluYm1,chr1,70256175,70256472
ANKRD13C,1,70258999,70354734,-1.07852350854184,0.0075536413778139,AluY,chr1,70257265,70257565
ANKRD13C,1,70258999,70354734,-1.07852350854184,0.0075536413778139,AluSc,chr1,70257897,70258171
ANKRD13C,1,70258999,70354734,-1.07852350854184,0.0075536413778139,AluSx1,chr1,70258319,70258577
WDR35,2,19910263,19990105,-1.45456071765764,0.0196226571014987,AluSx1,chr2,19905065,19905380
WDR35,2,19910263,19990105,-1.45456071765764,0.0196226571014987,FRAM,chr2,19907015,19907179
WDR35,2,19910263,19990105,-1.45456071765764,0.0196226571014987,AluSx4,chr2,19908970,19909234
WDR35,2,19910263,19990105,-1.45456071765764,0.0196226571014987,AluY,chr2,19909455,19909763
RCL1,9,4792944,4885917,-1.00054234708328,0.038593915200416,AluSx,chr9,4788341,4788613
RCL1,9,4792944,4885917,-1.00054234708328,0.038593915200416,AluJb,chr9,4788769,4789060
RCL1,9,4792944,4885917,-1.00054234708328,0.038593915200416,AluSz6,chr9,4789668,4789853
RCL1,9,4792944,4885917,-1.00054234708328,0.038593915200416,AluJb,chr9,4791582,4791819
MLANA,9,5890889,5910606,-1.49481947033067,0.0035908488227723,AluSz,chr9,5886976,5887251
MLANA,9,5890889,5910606,-1.49481947033067,0.0035908488227723,AluSc,chr9,5889504,5889796
PAK4,19,39125770,39182816,-1.39186091800977,0.0137705362074918,AluJo,chr19,39121485,39121576
PAK4,19,39125770,39182816,-1.39186091800977,0.0137705362074918,AluSg,chr19,39121576,39121878
PAK4,19,39125770,39182816,-1.39186091800977,0.0137705362074918,AluSc,chr19,39121879,39122121
PAK4,19,39125770,39182816,-1.39186091800977,0.0137705362074918,AluSz,chr19,39122449,39122759
PAK4,19,39125770,39182816,-1.39186091800977,0.0137705362074918,AluSp,chr19,39123097,39123397
PAK4,19,39125770,39182816,-1.39186091800977,0.0137705362074918,AluJr,chr19,39123448,39123590
PAK4,19,39125770,39182816,-1.39186091800977,0.0137705362074918,AluSx1,chr19,39123590,39123867
PAK4,19,39125770,39182816,-1.39186091800977,0.0137705362074918,AluJr,chr19,39123867,39124066
PAK4,19,39125770,39182816,-1.39186091800977,0.0137705362074918,FLAM_C,chr19,39124717,39124850
PAK4,19,39125770,39182816,-1.39186091800977,0.0137705362074918,AluSq2,chr19,39124859,39125154
PPAN,19,10106362,10112012,-1.08161893922312,0.0166817296230473,AluJb,chr19,10101270,10101393
PPAN,19,10106362,10112012,-1.08161893922312,0.0166817296230473,AluSx,chr19,10101525,10101824
PPAN,19,10106362,10112012,-1.08161893922312,0.0166817296230473,AluY,chr19,10101824,10102142
PPAN,19,10106362,10112012,-1.08161893922312,0.0166817296230473,AluSq2,chr19,10103310,10103596
PPAN,19,10106362,10112012,-1.08161893922312,0.0166817296230473,AluSg,chr19,10103812,10104110
ENAM,4,70628744,70646824,-1.82180304967257,0.0216303866786715,AluSq2,chr4,70624736,70625081
ENAM,4,70628744,70646824,-1.82180304967257,0.0216303866786715,AluSc5,chr4,70625340,70625585
ENAM,4,70628744,70646824,-1.82180304967257,0.0216303866786715,AluJr,chr4,70626253,70626470
ENAM,4,70628744,70646824,-1.82180304967257,0.0216303866786715,AluSx,chr4,70627033,70627194
TOE1,1,45340052,45343973,-1.03651622759387,0.0103431324474612,AluSz6,chr1,45335574,45335832
TOE1,1,45340052,45343973,-1.03651622759387,0.0103431324474612,AluJo,chr1,45336202,45336324
TOE1,1,45340052,45343973,-1.03651622759387,0.0103431324474612,AluJb,chr1,45337144,45337454
TOE1,1,45340052,45343973,-1.03651622759387,0.0103431324474612,AluJo,chr1,45337591,45337750
TOE1,1,45340052,45343973,-1.03651622759387,0.0103431324474612,AluJb,chr1,45338744,45339062
TOE1,1,45340052,45343973,-1.03651622759387,0.0103431324474612,AluSq2,chr1,45339205,45339513
SLC41A1,1,205789094,205813748,-1.53901676145802,0.0006947033348283,AluSx1,chr1,205784448,205784761
SLC41A1,1,205789094,205813748,-1.53901676145802,0.0006947033348283,AluY,chr1,205785931,205786235
SLC41A1,1,205789094,205813748,-1.53901676145802,0.0006947033348283,FLAM_A,chr1,205786440,205786569
SLC41A1,1,205789094,205813748,-1.53901676145802,0.0006947033348283,AluSq2,chr1,205788325,205788624
SLC41A1,1,205789094,205813748,-1.53901676145802,0.0006947033348283,AluSc,chr1,205788667,205788962
IL2RA,10,6010689,6062370,-1.17090115448431,0.0076302215952426,AluSz6,chr10,6009567,6009880
IL2RA,10,6010689,6062370,-1.17090115448431,0.0076302215952426,AluSx1,chr10,6010295,6010606
HNF1A,12,120978543,121002512,-1.50268716536009,0.0347631228568503,AluSz,chr12,120973490,120973794
HNF1A,12,120978543,121002512,-1.50268716536009,0.0347631228568503,AluJo,chr12,120974009,120974145
HNF1A,12,120978543,121002512,-1.50268716536009,0.0347631228568503,AluJb,chr12,120974145,120974451
HNF1A,12,120978543,121002512,-1.50268716536009,0.0347631228568503,AluJo,chr12,120974451,120974620
HNF1A,12,120978543,121002512,-1.50268716536009,0.0347631228568503,AluY,chr12,120974787,120975091
HNF1A,12,120978543,121002512,-1.50268716536009,0.0347631228568503,AluSx,chr12,120975109,120975387
HNF1A,12,120978543,121002512,-1.50268716536009,0.0347631228568503,AluSq2,chr12,120975513,120975798
HNF1A,12,120978543,121002512,-1.50268716536009,0.0347631228568503,AluJb,chr12,120975873,120976202
HNF1A,12,120978543,121002512,-1.50268716536009,0.0347631228568503,AluSx,chr12,120976641,120976951
HNF1A,12,120978543,121002512,-1.50268716536009,0.0347631228568503,AluJo,chr12,120977213,120977348
HNF1A,12,120978543,121002512,-1.50268716536009,0.0347631228568503,AluSz,chr12,120977348,120977637
HNF1A,12,120978543,121002512,-1.50268716536009,0.0347631228568503,AluJo,chr12,120977680,120977858
RSAD1,17,50478860,50485974,-1.50640273232189,0.0002094751850439,AluSx1,chr17,50475012,50475319
RSAD1,17,50478860,50485974,-1.50640273232189,0.0002094751850439,AluJr,chr17,50475467,50475737
RSAD1,17,50478860,50485974,-1.50640273232189,0.0002094751850439,AluSx,chr17,50476871,50477155
RSAD1,17,50478860,50485974,-1.50640273232189,0.0002094751850439,AluSc8,chr17,50477204,50477510
RSAD1,17,50478860,50485974,-1.50640273232189,0.0002094751850439,AluSx1,chr17,50477662,50477943
RSAD1,17,50478860,50485974,-1.50640273232189,0.0002094751850439,AluJr4,chr17,50478262,50478339
VARS2,6,30914205,30926459,-1.04606760105427,0.0375543302390818,AluSx1,chr6,30910317,30910630
GCHFR,15,40764068,40767708,-1.1915665454994,0.0256772240563593,AluY,chr15,40758796,40759093
GCHFR,15,40764068,40767708,-1.1915665454994,0.0256772240563593,AluJr4,chr15,40759102,40759386
GCHFR,15,40764068,40767708,-1.1915665454994,0.0256772240563593,AluSx,chr15,40759468,40759617
GCHFR,15,40764068,40767708,-1.1915665454994,0.0256772240563593,AluSx1,chr15,40759617,40759936
GCHFR,15,40764068,40767708,-1.1915665454994,0.0256772240563593,AluSx,chr15,40759936,40760066
GCHFR,15,40764068,40767708,-1.1915665454994,0.0256772240563593,AluSx3,chr15,40761193,40761306
GCHFR,15,40764068,40767708,-1.1915665454994,0.0256772240563593,AluSz,chr15,40761336,40761630
GCHFR,15,40764068,40767708,-1.1915665454994,0.0256772240563593,FRAM,chr15,40761880,40762001
GCHFR,15,40764068,40767708,-1.1915665454994,0.0256772240563593,AluY,chr15,40762201,40762517
GCHFR,15,40764068,40767708,-1.1915665454994,0.0256772240563593,AluSp,chr15,40762827,40763139
EFCAB11,14,89794669,89954777,-1.44220620160622,0.0185789705060187,AluSx,chr14,89791119,89791424
SLC5A2,16,31483002,31490860,-1.17307505244615,0.0039686081364278,FRAM,chr16,31478254,31478421
SLC5A2,16,31483002,31490860,-1.17307505244615,0.0039686081364278,AluSz,chr16,31478452,31478755
SLC5A2,16,31483002,31490860,-1.17307505244615,0.0039686081364278,AluSx,chr16,31480030,31480212
SLC5A2,16,31483002,31490860,-1.17307505244615,0.0039686081364278,AluSp,chr16,31480212,31480503
SLC5A2,16,31483002,31490860,-1.17307505244615,0.0039686081364278,AluSx,chr16,31480503,31480638
SLC5A2,16,31483002,31490860,-1.17307505244615,0.0039686081364278,AluJb,chr16,31481554,31481836
SLC5A2,16,31483002,31490860,-1.17307505244615,0.0039686081364278,FLAM_C,chr16,31482230,31482362
RUSF1,16,31489471,31509309,-1.1989956248869,0.0033404047435376,AluSx3,chr16,31486767,31487070
RMC1,18,23503496,23531822,-1.00565189757514,0.0010635502781049,AluSz6,chr18,23499828,23499935
RMC1,18,23503496,23531822,-1.00565189757514,0.0010635502781049,AluSq2,chr18,23500013,23500280
RMC1,18,23503496,23531822,-1.00565189757514,0.0010635502781049,AluSp,chr18,23500353,23500616
RMC1,18,23503496,23531822,-1.00565189757514,0.0010635502781049,AluSq2,chr18,23501858,23502174
RMC1,18,23503496,23531822,-1.00565189757514,0.0010635502781049,AluJb,chr18,23502206,23502435
INTS3,1,153728050,153774808,-1.03887235567261,0.0026338353730111,AluSx1,chr1,153722986,153723272
INTS3,1,153728050,153774808,-1.03887235567261,0.0026338353730111,AluSz6,chr1,153723652,153723951
INTS3,1,153728050,153774808,-1.03887235567261,0.0026338353730111,AluJb,chr1,153723953,153724122
INTS3,1,153728050,153774808,-1.03887235567261,0.0026338353730111,AluY,chr1,153724251,153724558
INTS3,1,153728050,153774808,-1.03887235567261,0.0026338353730111,AluSz6,chr1,153724768,153725059
INTS3,1,153728050,153774808,-1.03887235567261,0.0026338353730111,AluJr,chr1,153725247,153725527
INTS3,1,153728050,153774808,-1.03887235567261,0.0026338353730111,FLAM_C,chr1,153725697,153725822
INTS3,1,153728050,153774808,-1.03887235567261,0.0026338353730111,AluY,chr1,153726402,153726715
INTS3,1,153728050,153774808,-1.03887235567261,0.0026338353730111,AluSq2,chr1,153726715,153726889
INTS3,1,153728050,153774808,-1.03887235567261,0.0026338353730111,AluSq2,chr1,153727184,153727485
ZC3H8,2,112211529,112255136,-1.07265389229641,0.0002888908286217,AluSz6,chr2,112206510,112206707
ZC3H8,2,112211529,112255136,-1.07265389229641,0.0002888908286217,AluJb,chr2,112206733,112207031
ZC3H8,2,112211529,112255136,-1.07265389229641,0.0002888908286217,AluSx1,chr2,112207184,112207485
ZC3H8,2,112211529,112255136,-1.07265389229641,0.0002888908286217,AluSx1,chr2,112208117,112208429
ZC3H8,2,112211529,112255136,-1.07265389229641,0.0002888908286217,AluSx,chr2,112210373,112210684
NFIB,9,14081843,14398983,-1.40215694446153,0.0159061556306762,AluJb,chr9,14078252,14078558
NFIB,9,14081843,14398983,-1.40215694446153,0.0159061556306762,AluJb,chr9,14080447,14080731
P4HA3,11,74235801,74311640,-1.17986831728779,0.02680770336043,AluJr4,chr11,74231025,74231300
P4HA3,11,74235801,74311640,-1.17986831728779,0.02680770336043,AluJr,chr11,74231320,74231401
P4HA3,11,74235801,74311640,-1.17986831728779,0.02680770336043,AluJb,chr11,74232674,74233006
P4HA3,11,74235801,74311640,-1.17986831728779,0.02680770336043,AluJr,chr11,74233530,74233837
C16orf74,16,85690084,85751129,-1.04594776583089,0.0400447500158725,AluSx1,chr16,85684794,85685088
C16orf74,16,85690084,85751129,-1.04594776583089,0.0400447500158725,AluJo,chr16,85685393,85685691
C16orf74,16,85690084,85751129,-1.04594776583089,0.0400447500158725,AluY,chr16,85686180,85686432
C16orf74,16,85690084,85751129,-1.04594776583089,0.0400447500158725,AluJb,chr16,85686943,85687229
C16orf74,16,85690084,85751129,-1.04594776583089,0.0400447500158725,AluSg4,chr16,85687973,85688152
C16orf74,16,85690084,85751129,-1.04594776583089,0.0400447500158725,AluJo,chr16,85688165,85688245
C16orf74,16,85690084,85751129,-1.04594776583089,0.0400447500158725,AluSx1,chr16,85688266,85688570
C16orf74,16,85690084,85751129,-1.04594776583089,0.0400447500158725,AluJr,chr16,85689384,85689508
CFAP418,8,95244913,95269201,-1.24793362201706,0.036159146845492,AluJr,chr8,95244737,95244894
C9orf43,9,113410054,113429690,-1.23700405014247,0.0420855038515521,AluSz,chr9,113405191,113405492
C9orf43,9,113410054,113429690,-1.23700405014247,0.0420855038515521,AluSx1,chr9,113405495,113405779
C9orf43,9,113410054,113429690,-1.23700405014247,0.0420855038515521,FLAM_C,chr9,113405874,113406005
C9orf43,9,113410054,113429690,-1.23700405014247,0.0420855038515521,AluSc,chr9,113406009,113406317
C9orf43,9,113410054,113429690,-1.23700405014247,0.0420855038515521,AluY,chr9,113406433,113406730
C9orf43,9,113410054,113429690,-1.23700405014247,0.0420855038515521,AluSx1,chr9,113406740,113407046
C9orf43,9,113410054,113429690,-1.23700405014247,0.0420855038515521,AluJr,chr9,113407563,113407723
C9orf43,9,113410054,113429690,-1.23700405014247,0.0420855038515521,AluSx,chr9,113409083,113409387
PTPDC1,9,94030794,94109856,-1.75514817609879,0.0004996156762558,AluSx,chr9,94029025,94029323
RHPN1,8,143368876,143384221,-1.20292321885614,0.0300075143306198,AluJo,chr8,143365715,143366016
RHPN1,8,143368876,143384221,-1.20292321885614,0.0300075143306198,AluJb,chr8,143366016,143366132
RHPN1,8,143368876,143384221,-1.20292321885614,0.0300075143306198,AluSq2,chr8,143366587,143366643
RHPN1,8,143368876,143384221,-1.20292321885614,0.0300075143306198,AluJb,chr8,143367208,143367499
FANCC,9,95099054,95426796,-1.16539208007139,0.0129474142183332,AluSg,chr9,95094667,95094935
ATP13A2,1,16985958,17011928,-1.12260301121051,0.0264251068848423,AluJr,chr1,16981145,16981282
ATP13A2,1,16985958,17011928,-1.12260301121051,0.0264251068848423,AluJo,chr1,16981905,16982217
ATP13A2,1,16985958,17011928,-1.12260301121051,0.0264251068848423,AluSx,chr1,16982377,16982670
ATP13A2,1,16985958,17011928,-1.12260301121051,0.0264251068848423,AluSx1,chr1,16982680,16982991
ATP13A2,1,16985958,17011928,-1.12260301121051,0.0264251068848423,AluJb,chr1,16984024,16984335
ATP13A2,1,16985958,17011928,-1.12260301121051,0.0264251068848423,AluSx,chr1,16985367,16985674
PPP1R16A,8,144477969,144502121,-1.08267176760358,0.0339089720719576,AluJb,chr8,144476980,144477271
PPP1R16A,8,144477969,144502121,-1.08267176760358,0.0339089720719576,AluY,chr8,144477281,144477579
DUSP19,2,183078559,183100008,-2.30487064979776,0.0007087530372627,AluSx,chr2,183073656,183073959
DUSP19,2,183078559,183100008,-2.30487064979776,0.0007087530372627,AluJb,chr2,183077045,183077358
TMEM169,2,216081866,216102783,-1.05779829213396,0.0283975510400382,AluSp,chr2,216076896,216077197
TMEM169,2,216081866,216102783,-1.05779829213396,0.0283975510400382,AluY,chr2,216077228,216077516
TMEM169,2,216081866,216102783,-1.05779829213396,0.0283975510400382,AluSg,chr2,216077525,216077826
TMEM169,2,216081866,216102783,-1.05779829213396,0.0283975510400382,AluSz6,chr2,216078156,216078290
TMEM169,2,216081866,216102783,-1.05779829213396,0.0283975510400382,AluSg7,chr2,216078362,216078608
TMEM169,2,216081866,216102783,-1.05779829213396,0.0283975510400382,AluSg,chr2,216079371,216079666
TMEM169,2,216081866,216102783,-1.05779829213396,0.0283975510400382,AluSp,chr2,216079699,216080002
TMEM169,2,216081866,216102783,-1.05779829213396,0.0283975510400382,AluSx,chr2,216080085,216080373
TMEM169,2,216081866,216102783,-1.05779829213396,0.0283975510400382,FLAM_C,chr2,216080869,216081004
TRIM46,1,155173787,155184971,-1.39346502552441,0.0486719351528534,AluJo,chr1,155170038,155170364
TRIM46,1,155173787,155184971,-1.39346502552441,0.0486719351528534,AluJo,chr1,155170796,155171109
TRIM46,1,155173787,155184971,-1.39346502552441,0.0486719351528534,AluSz,chr1,155171137,155171438
TRIM46,1,155173787,155184971,-1.39346502552441,0.0486719351528534,AluJb,chr1,155171576,155171876
LIPH,3,185506262,185552588,-1.39222052572193,0.0458378143458795,AluSc8,chr3,185502184,185502476
LIPH,3,185506262,185552588,-1.39222052572193,0.0458378143458795,AluJr,chr3,185502713,185502837
LIPH,3,185506262,185552588,-1.39222052572193,0.0458378143458795,AluSx,chr3,185505021,185505313
LIPH,3,185506262,185552588,-1.39222052572193,0.0458378143458795,AluSz,chr3,185505659,185505956
SPRY1,4,123396795,123403760,-1.44932805488114,0.0274676746567197,AluY,chr4,123392165,123392471
SPRY1,4,123396795,123403760,-1.44932805488114,0.0274676746567197,AluSx1,chr4,123392573,123392854
SPRY1,4,123396795,123403760,-1.44932805488114,0.0274676746567197,AluSx,chr4,123394216,123394509
ELOVL7,5,60751791,60844274,-1.09627439154864,0.0223676840779541,AluJr4,chr5,60747871,60748137
ANKRD33B,5,10564070,10657816,-1.59271417145726,0.0004427605908816,FLAM_C,chr5,10559869,10559923
ANKRD33B,5,10564070,10657816,-1.59271417145726,0.0004427605908816,AluSz,chr5,10560706,10560982
ANKRD33B,5,10564070,10657816,-1.59271417145726,0.0004427605908816,AluJb,chr5,10561309,10561579
ANKRD33B,5,10564070,10657816,-1.59271417145726,0.0004427605908816,AluY,chr5,10561710,10562029
GPR146,7,1044546,1059261,-1.02138513497214,0.0008658957745622,AluJr,chr7,1040208,1040523
GPR146,7,1044546,1059261,-1.02138513497214,0.0008658957745622,AluSq2,chr7,1042969,1043239
SMG8,17,59209400,59215239,-1.25109799144481,0.0025498729556851,AluJb,chr17,59204111,59204419
SMG8,17,59209400,59215239,-1.25109799144481,0.0025498729556851,AluSz,chr17,59204419,59204735
SMG8,17,59209400,59215239,-1.25109799144481,0.0025498729556851,AluJr,chr17,59204746,59205047
SMG8,17,59209400,59215239,-1.25109799144481,0.0025498729556851,AluSq2,chr17,59205419,59205712
SMG8,17,59209400,59215239,-1.25109799144481,0.0025498729556851,AluSz,chr17,59205763,59206076
SMG8,17,59209400,59215239,-1.25109799144481,0.0025498729556851,AluJr,chr17,59206084,59206385
SMG8,17,59209400,59215239,-1.25109799144481,0.0025498729556851,AluSq2,chr17,59206756,59207047
SMG8,17,59209400,59215239,-1.25109799144481,0.0025498729556851,AluJr,chr17,59207098,59207413
SMG8,17,59209400,59215239,-1.25109799144481,0.0025498729556851,AluY,chr17,59207622,59207917
SMG8,17,59209400,59215239,-1.25109799144481,0.0025498729556851,AluSx,chr17,59207959,59208274
SMG8,17,59209400,59215239,-1.25109799144481,0.0025498729556851,AluSx,chr17,59208286,59208569
SMG8,17,59209400,59215239,-1.25109799144481,0.0025498729556851,AluSc5,chr17,59208801,59209108
SMG8,17,59209400,59215239,-1.25109799144481,0.0025498729556851,AluSx3,chr17,59209373,59209528
RAB3IL1,11,61897301,61920269,-1.15273171837069,0.0366283907054194,AluJb,chr11,61892249,61892548
RAB3IL1,11,61897301,61920269,-1.15273171837069,0.0366283907054194,FLAM_C,chr11,61893680,61893788
RAB3IL1,11,61897301,61920269,-1.15273171837069,0.0366283907054194,AluJb,chr11,61893808,61894089
RAB3IL1,11,61897301,61920269,-1.15273171837069,0.0366283907054194,AluSp,chr11,61894370,61894629
RAB3IL1,11,61897301,61920269,-1.15273171837069,0.0366283907054194,AluSz,chr11,61895012,61895347
COG7,16,23388493,23453189,-1.48373637783611,5.77888760799392e-05,AluSq2,chr16,23383207,23383507
COG7,16,23388493,23453189,-1.48373637783611,5.77888760799392e-05,AluJb,chr16,23383512,23383813
COG7,16,23388493,23453189,-1.48373637783611,5.77888760799392e-05,AluSz,chr16,23384460,23384769
COG7,16,23388493,23453189,-1.48373637783611,5.77888760799392e-05,AluSx,chr16,23385285,23385579
COG7,16,23388493,23453189,-1.48373637783611,5.77888760799392e-05,AluJo,chr16,23385842,23386020
COG7,16,23388493,23453189,-1.48373637783611,5.77888760799392e-05,AluJr,chr16,23386025,23386316
COG7,16,23388493,23453189,-1.48373637783611,5.77888760799392e-05,AluSx,chr16,23386984,23387285
COG7,16,23388493,23453189,-1.48373637783611,5.77888760799392e-05,AluJr,chr16,23387455,23387760
COG7,16,23388493,23453189,-1.48373637783611,5.77888760799392e-05,AluSx1,chr16,23388188,23388460
CKAP2L,2,112736349,112764664,-1.80187205843471,0.0324600888875646,AluSz,chr2,112731917,112732209
CKAP2L,2,112736349,112764664,-1.80187205843471,0.0324600888875646,AluSz,chr2,112734698,112734989
CKAP2L,2,112736349,112764664,-1.80187205843471,0.0324600888875646,AluSz,chr2,112735038,112735343
OTUD3,1,19882395,19912945,-1.27598874912008,0.0049838341680395,AluJb,chr1,19877630,19877908
OTUD3,1,19882395,19912945,-1.27598874912008,0.0049838341680395,AluSx,chr1,19879071,19879407
OTUD3,1,19882395,19912945,-1.27598874912008,0.0049838341680395,AluJo,chr1,19879624,19879908
OTUD3,1,19882395,19912945,-1.27598874912008,0.0049838341680395,AluSq2,chr1,19880140,19880370
OTUD3,1,19882395,19912945,-1.27598874912008,0.0049838341680395,AluSx,chr1,19881316,19881444
OTUD3,1,19882395,19912945,-1.27598874912008,0.0049838341680395,AluY,chr1,19881454,19881762
PRDM10,11,129899706,130002835,-1.13274507044867,0.0078598083682031,AluSc,chr11,129896662,129896961
PRDM10,11,129899706,130002835,-1.13274507044867,0.0078598083682031,AluJb,chr11,129897447,129897721
PRDM10,11,129899706,130002835,-1.13274507044867,0.0078598083682031,AluSx1,chr11,129898335,129898643
ZIK1,19,57578456,57593890,-1.1251063757416,0.0478180490414063,AluSx1,chr19,57573816,57574051
CSRP2,12,76858709,76879023,-1.1967127025325,0.012702553811103,AluSz6,chr12,76857416,76857697
CSRP2,12,76858709,76879023,-1.1967127025325,0.012702553811103,AluY,chr12,76858212,76858522
SWI5,9,128275379,128316123,-1.2423255643724,0.0101775196482031,AluSx,chr9,128270129,128270430
SWI5,9,128275379,128316123,-1.2423255643724,0.0101775196482031,AluSz6,chr9,128270763,128271073
SWI5,9,128275379,128316123,-1.2423255643724,0.0101775196482031,AluSx1,chr9,128272201,128272503
SWI5,9,128275379,128316123,-1.2423255643724,0.0101775196482031,FLAM_A,chr9,128274409,128274515
TMEM80,11,695591,705028,-1.00418316047452,0.0026665693215003,AluSx,chr11,690462,690766
TMEM80,11,695591,705028,-1.00418316047452,0.0026665693215003,AluSp,chr11,692571,692866
ZNF619,3,40477113,40491053,-1.57996749232654,0.0016271851971597,AluSx1,chr3,40472125,40472419
ZNF619,3,40477113,40491053,-1.57996749232654,0.0016271851971597,AluSz6,chr3,40472448,40472723
ZNF619,3,40477113,40491053,-1.57996749232654,0.0016271851971597,AluSz6,chr3,40472967,40473244
ZNF619,3,40477113,40491053,-1.57996749232654,0.0016271851971597,AluSx,chr3,40473257,40473557
ZNF619,3,40477113,40491053,-1.57996749232654,0.0016271851971597,AluSx3,chr3,40473790,40473917
ZNF619,3,40477113,40491053,-1.57996749232654,0.0016271851971597,AluJb,chr3,40474537,40474608
ZNF619,3,40477113,40491053,-1.57996749232654,0.0016271851971597,AluY,chr3,40475313,40475617
ZNF619,3,40477113,40491053,-1.57996749232654,0.0016271851971597,AluSg,chr3,40476016,40476310
ZNF619,3,40477113,40491053,-1.57996749232654,0.0016271851971597,AluJo,chr3,40476864,40476991
DCTPP1,16,30423615,30430030,-1.36382370716674,9.56050187547062e-05,AluSx1,chr16,30418954,30419254
DCTPP1,16,30423615,30430030,-1.36382370716674,9.56050187547062e-05,AluJr,chr16,30419301,30419584
DCTPP1,16,30423615,30430030,-1.36382370716674,9.56050187547062e-05,AluSx,chr16,30419779,30419954
DCTPP1,16,30423615,30430030,-1.36382370716674,9.56050187547062e-05,AluSq2,chr16,30419955,30420170
DCTPP1,16,30423615,30430030,-1.36382370716674,9.56050187547062e-05,AluJr,chr16,30420174,30420302
DCTPP1,16,30423615,30430030,-1.36382370716674,9.56050187547062e-05,AluSz6,chr16,30420930,30421072
DCTPP1,16,30423615,30430030,-1.36382370716674,9.56050187547062e-05,AluY,chr16,30421656,30421956
DCTPP1,16,30423615,30430030,-1.36382370716674,9.56050187547062e-05,AluSx1,chr16,30422348,30422648
DCTPP1,16,30423615,30430030,-1.36382370716674,9.56050187547062e-05,AluSg,chr16,30422815,30423121
DCTPP1,16,30423615,30430030,-1.36382370716674,9.56050187547062e-05,AluSx1,chr16,30423128,30423429
DCTPP1,16,30423615,30430030,-1.36382370716674,9.56050187547062e-05,AluSq,chr16,30423429,30423597
ZNF571,19,37554782,37594792,-1.38770059955493,0.0347561448406809,AluSz,chr19,37552665,37552957
ZNF571,19,37554782,37594792,-1.38770059955493,0.0347561448406809,AluSx1,chr19,37553113,37553431
SLC26A11,17,80219699,80253500,-1.28909598212951,0.0036795113888207,AluSg,chr17,80215538,80215811
SLC26A11,17,80219699,80253500,-1.28909598212951,0.0036795113888207,AluSz,chr17,80216046,80216339
SLC26A11,17,80219699,80253500,-1.28909598212951,0.0036795113888207,AluJo,chr17,80218878,80219186
ANKRD20A2P,9,40223397,40292345,-1.4316909655724,0.0401884696593943,AluJo,chr9,40218667,40218964
ANKRD20A2P,9,40223397,40292345,-1.4316909655724,0.0401884696593943,AluJr,chr9,40219586,40219884
ANKRD20A2P,9,40223397,40292345,-1.4316909655724,0.0401884696593943,AluSx,chr9,40219980,40220267
ANKRD20A2P,9,40223397,40292345,-1.4316909655724,0.0401884696593943,AluSp,chr9,40220323,40220645
SDHAP1,3,195963335,195990258,-1.23356466869844,0.00028289524673,AluSq,chr3,195958183,195958450
SDHAP1,3,195963335,195990258,-1.23356466869844,0.00028289524673,AluJb,chr3,195960161,195960445
SDHAP1,3,195963335,195990258,-1.23356466869844,0.00028289524673,AluJo,chr3,195962689,195962975
CIDECP1,3,10017490,10023747,-1.19305210752557,0.0005371211040959,AluY,chr3,10013205,10013515
CIDECP1,3,10017490,10023747,-1.19305210752557,0.0005371211040959,AluY,chr3,10013697,10014007
CIDECP1,3,10017490,10023747,-1.19305210752557,0.0005371211040959,AluSz,chr3,10014509,10014807
CIDECP1,3,10017490,10023747,-1.19305210752557,0.0005371211040959,AluSq2,chr3,10014826,10015127
CIDECP1,3,10017490,10023747,-1.19305210752557,0.0005371211040959,AluSx1,chr3,10016035,10016347
CIDECP1,3,10017490,10023747,-1.19305210752557,0.0005371211040959,AluYc3,chr3,10016743,10017033
CIDECP1,3,10017490,10023747,-1.19305210752557,0.0005371211040959,FAM,chr3,10017260,10017344
CTSE,1,206008535,206023909,-1.65543587809714,0.0207991169000946,AluSx1,chr1,206007582,206007870
ZNF836,19,52153864,52171643,-1.23272730100027,0.0001090228905949,AluSz6,chr19,52148700,52148994
ZNF836,19,52153864,52171643,-1.23272730100027,0.0001090228905949,AluSq,chr19,52150045,52150347
ZNF836,19,52153864,52171643,-1.23272730100027,0.0001090228905949,AluSg,chr19,52150347,52150655
ZNF836,19,52153864,52171643,-1.23272730100027,0.0001090228905949,AluSz6,chr19,52150874,52151170
ZNF836,19,52153864,52171643,-1.23272730100027,0.0001090228905949,AluYk3,chr19,52152282,52152374
ZNF836,19,52153864,52171643,-1.23272730100027,0.0001090228905949,AluYf1,chr19,52152744,52153037
ZNF836,19,52153864,52171643,-1.23272730100027,0.0001090228905949,AluSx3,chr19,52153428,52153737
SLC6A9,1,43991500,44031467,-1.40646861237546,0.0089301856757657,AluSz,chr1,43988239,43988379
SLC6A9,1,43991500,44031467,-1.40646861237546,0.0089301856757657,AluSx1,chr1,43988379,43988700
SLC6A9,1,43991500,44031467,-1.40646861237546,0.0089301856757657,AluSz,chr1,43988700,43988867
SLC6A9,1,43991500,44031467,-1.40646861237546,0.0089301856757657,AluSq2,chr1,43989065,43989339
ZNF628,19,55476617,55484487,-1.28213091679205,0.0400974766903647,AluSq,chr19,55471594,55471896
ZNF628,19,55476617,55484487,-1.28213091679205,0.0400974766903647,AluSx1,chr19,55472837,55473095
ZNF628,19,55476617,55484487,-1.28213091679205,0.0400974766903647,AluSg,chr19,55473973,55474284
ZNF628,19,55476617,55484487,-1.28213091679205,0.0400974766903647,AluJb,chr19,55474622,55474828
ZNF628,19,55476617,55484487,-1.28213091679205,0.0400974766903647,AluSx1,chr19,55475531,55475836
DPP4,2,161992245,162074394,-1.02339374006775,0.0186811673863565,AluSx,chr2,161989253,161989550
DPP4,2,161992245,162074394,-1.02339374006775,0.0186811673863565,AluSx,chr2,161991222,161991501
DPP4,2,161992245,162074394,-1.02339374006775,0.0186811673863565,AluY,chr2,161991508,161991818
ZNF28,19,52797408,52857600,-1.53006012942521,0.0015562417802277,Alu,chr19,52792440,52792478
ZNF28,19,52797408,52857600,-1.53006012942521,0.0015562417802277,AluYj4,chr19,52792480,52792571
ZNF28,19,52797408,52857600,-1.53006012942521,0.0015562417802277,AluY,chr19,52792720,52793035
ZNF28,19,52797408,52857600,-1.53006012942521,0.0015562417802277,AluSq2,chr19,52793641,52793763
ZNF28,19,52797408,52857600,-1.53006012942521,0.0015562417802277,AluJb,chr19,52794573,52794871
ZNF28,19,52797408,52857600,-1.53006012942521,0.0015562417802277,AluSx1,chr19,52795560,52795864
ZNF28,19,52797408,52857600,-1.53006012942521,0.0015562417802277,AluJb,chr19,52795893,52796197
ZNF28,19,52797408,52857600,-1.53006012942521,0.0015562417802277,AluJb,chr19,52796509,52796767
Y_RNA,4,82944738,82944845,-1.5940931587198,0.0136186231649766,AluSz6,chr4,82940391,82940700
Y_RNA,4,82944738,82944845,-1.5940931587198,0.0136186231649766,AluSz,chr4,82943861,82944170
RNU6-238P,12,50656973,50657078,-1.81286349557008,0.0169639586877998,AluSz,chr12,50651897,50652033
RNU6-238P,12,50656973,50657078,-1.81286349557008,0.0169639586877998,AluSx3,chr12,50652033,50652314
RNU6-238P,12,50656973,50657078,-1.81286349557008,0.0169639586877998,AluSz,chr12,50652385,50652546
RNU6-238P,12,50656973,50657078,-1.81286349557008,0.0169639586877998,FRAM,chr12,50652945,50653061
RNU6-238P,12,50656973,50657078,-1.81286349557008,0.0169639586877998,AluJb,chr12,50653372,50653641
RNU6-238P,12,50656973,50657078,-1.81286349557008,0.0169639586877998,AluSx,chr12,50653873,50654172
RNU6-238P,12,50656973,50657078,-1.81286349557008,0.0169639586877998,AluJb,chr12,50654344,50654651
RNU6-238P,12,50656973,50657078,-1.81286349557008,0.0169639586877998,AluJb,chr12,50655697,50655990
RNU6-238P,12,50656973,50657078,-1.81286349557008,0.0169639586877998,AluSz6,chr12,50656565,50656870
RNU1-46P,18,51283733,51283896,-1.92816588490453,0.0044423450672746,AluJr4,chr18,51279376,51279663
RNU1-46P,18,51283733,51283896,-1.92816588490453,0.0044423450672746,AluY,chr18,51280595,51280894
RNU1-46P,18,51283733,51283896,-1.92816588490453,0.0044423450672746,FLAM_A,chr18,51281340,51281472
RNU1-46P,18,51283733,51283896,-1.92816588490453,0.0044423450672746,AluSx1,chr18,51282655,51282960
TRGJ1,7,38269491,38269540,-1.17825219618764,0.0433513348390208,AluSq2,chr7,38264310,38264602
TRGJ1,7,38269491,38269540,-1.17825219618764,0.0433513348390208,AluJb,chr7,38266310,38266600
OR2A42,7,144228244,144239605,-1.25875627256734,0.0376209793203906,AluJo,chr7,144224673,144224973
OR2A42,7,144228244,144239605,-1.25875627256734,0.0376209793203906,AluSq2,chr7,144225396,144225704
OR2A42,7,144228244,144239605,-1.25875627256734,0.0376209793203906,AluSz6,chr7,144226461,144226758
OR2A42,7,144228244,144239605,-1.25875627256734,0.0376209793203906,AluSx,chr7,144227852,144228126
LINC00339,1,22024558,22031223,-1.27929789698824,0.0104104788216621,AluSg,chr1,22019708,22019995
LINC00339,1,22024558,22031223,-1.27929789698824,0.0104104788216621,AluSz,chr1,22020060,22020363
LINC00339,1,22024558,22031223,-1.27929789698824,0.0104104788216621,AluSp,chr1,22020368,22020674
LINC00339,1,22024558,22031223,-1.27929789698824,0.0104104788216621,AluSx1,chr1,22020747,22020915
LINC00339,1,22024558,22031223,-1.27929789698824,0.0104104788216621,AluSq2,chr1,22020941,22021163
LINC00339,1,22024558,22031223,-1.27929789698824,0.0104104788216621,AluSx,chr1,22021663,22021966
LINC00339,1,22024558,22031223,-1.27929789698824,0.0104104788216621,AluJr,chr1,22021969,22022270
LINC00339,1,22024558,22031223,-1.27929789698824,0.0104104788216621,AluSq2,chr1,22022332,22022639
LINC00339,1,22024558,22031223,-1.27929789698824,0.0104104788216621,AluY,chr1,22022652,22022964
LINC00339,1,22024558,22031223,-1.27929789698824,0.0104104788216621,AluSz6,chr1,22023235,22023524
LINC00339,1,22024558,22031223,-1.27929789698824,0.0104104788216621,AluSq2,chr1,22023524,22023835
RPL12P47,6,43310231,43310357,-1.16699862288501,0.03183253290601,AluSg,chr6,43307132,43307399
RPL12P47,6,43310231,43310357,-1.16699862288501,0.03183253290601,AluSx,chr6,43309541,43309853
RPL12P47,6,43310231,43310357,-1.16699862288501,0.03183253290601,AluJb,chr6,43309919,43310201
ATXN1L,16,71808439,71885268,-1.1416689902739,0.0002920445717936,AluSz,chr16,71803658,71803941
ATXN1L,16,71808439,71885268,-1.1416689902739,0.0002920445717936,AluSc,chr16,71804040,71804345
ATXN1L,16,71808439,71885268,-1.1416689902739,0.0002920445717936,AluSz,chr16,71804408,71804702
ATXN1L,16,71808439,71885268,-1.1416689902739,0.0002920445717936,AluJb,chr16,71804734,71805012
ATXN1L,16,71808439,71885268,-1.1416689902739,0.0002920445717936,AluSz,chr16,71805162,71805470
ATXN1L,16,71808439,71885268,-1.1416689902739,0.0002920445717936,AluJb,chr16,71805752,71806045
ATXN1L,16,71808439,71885268,-1.1416689902739,0.0002920445717936,AluJr4,chr16,71806408,71806539
ATXN1L,16,71808439,71885268,-1.1416689902739,0.0002920445717936,AluSx,chr16,71807144,71807454
TMEM191A,22,20702007,20704490,-1.48391672220262,0.0010989797335312,AluJo,chr22,20698245,20698539
TMEM191A,22,20702007,20704490,-1.48391672220262,0.0010989797335312,AluJb,chr22,20699933,20700078
TMEM191A,22,20702007,20704490,-1.48391672220262,0.0010989797335312,AluSp,chr22,20700078,20700318
TMEM191A,22,20702007,20704490,-1.48391672220262,0.0010989797335312,AluSx3,chr22,20700318,20700516
TMEM191A,22,20702007,20704490,-1.48391672220262,0.0010989797335312,AluJb,chr22,20700516,20700678
TMEM191A,22,20702007,20704490,-1.48391672220262,0.0010989797335312,AluSg7,chr22,20700797,20701094
TMEM191A,22,20702007,20704490,-1.48391672220262,0.0010989797335312,AluJb,chr22,20701354,20701470
LINC02611,2,98761098,98775361,-1.11998617286284,0.0216786618550367,AluSx,chr2,98756742,98756977
LINC02611,2,98761098,98775361,-1.11998617286284,0.0216786618550367,AluJr,chr2,98758968,98759260
LINC02611,2,98761098,98775361,-1.11998617286284,0.0216786618550367,AluSq2,chr2,98760562,98760874
ORM2,9,114329869,114333251,-1.05745063324781,0.0154664133228298,AluSp,chr9,114328714,114329024
KATNBL1P6,6,146802359,146803824,-1.46056671592024,0.0046700736869659,AluSc5,chr6,146799341,146799553
KATNBL1P6,6,146802359,146803824,-1.46056671592024,0.0046700736869659,AluSg4,chr6,146799798,146800107
ALG13-AS1,X,111706649,111711101,-1.45479524568845,0.0231415822180406,AluY,chrX,111706059,111706328
ALG13-AS1,X,111706649,111711101,-1.45479524568845,0.0231415822180406,AluJo,chrX,111706474,111706778
PFN1P3,1,145407772,145408173,-1.94430215393682,0.0070933029446857,AluSx1,chr1,145404249,145404556
PFN1P3,1,145407772,145408173,-1.94430215393682,0.0070933029446857,AluY,chr1,145405916,145406233
ACTG1P25,1,202861754,202875241,-1.17562052568881,0.0497869069436657,AluSp,chr1,202857926,202858064
ACTG1P25,1,202861754,202875241,-1.17562052568881,0.0497869069436657,AluSx1,chr1,202859250,202859549
ACTG1P25,1,202861754,202875241,-1.17562052568881,0.0497869069436657,AluSp,chr1,202860368,202860683
TFAP2E-AS1,1,35569807,35577779,-1.42869382930637,0.0135765424111128,AluJo,chr1,35567618,35567926
TFAP2E-AS1,1,35569807,35577779,-1.42869382930637,0.0135765424111128,FLAM_C,chr1,35568260,35568390
RPL36AP45,15,75186651,75186968,-1.10218762787584,0.0058877898936923,AluJo,chr15,75181552,75181773
RPL36AP45,15,75186651,75186968,-1.10218762787584,0.0058877898936923,AluSq2,chr15,75183293,75183577
RPL36AP45,15,75186651,75186968,-1.10218762787584,0.0058877898936923,AluJb,chr15,75183630,75183916
RPL36AP45,15,75186651,75186968,-1.10218762787584,0.0058877898936923,AluY,chr15,75183925,75184241
RPL36AP45,15,75186651,75186968,-1.10218762787584,0.0058877898936923,AluJr,chr15,75184879,75184978
RPL36AP45,15,75186651,75186968,-1.10218762787584,0.0058877898936923,AluY,chr15,75184978,75185287
RPL36AP45,15,75186651,75186968,-1.10218762787584,0.0058877898936923,AluJr,chr15,75185287,75185431
RPS4XP13,11,57576292,57577080,-1.5101873420938,0.0005912368184129,AluSp,chr11,57571426,57571715
RPS4XP13,11,57576292,57577080,-1.5101873420938,0.0005912368184129,AluJb,chr11,57572601,57572901
RPS4XP13,11,57576292,57577080,-1.5101873420938,0.0005912368184129,AluSq2,chr11,57573065,57573376
RPS4XP13,11,57576292,57577080,-1.5101873420938,0.0005912368184129,AluJb,chr11,57574888,57574926
RPS4XP13,11,57576292,57577080,-1.5101873420938,0.0005912368184129,AluSz,chr11,57574926,57575242
RPS4XP13,11,57576292,57577080,-1.5101873420938,0.0005912368184129,AluJb,chr11,57575242,57575412
RPS4XP13,11,57576292,57577080,-1.5101873420938,0.0005912368184129,AluSx,chr11,57575511,57575777
RPS4XP13,11,57576292,57577080,-1.5101873420938,0.0005912368184129,AluSx,chr11,57575778,57576086
PLGLA,2,106382171,106392864,-1.13056249143404,0.011700118184045,AluY,chr2,106378613,106378891
RPL21P94,11,6685891,6686369,-1.18590626473608,0.0023381274907746,AluSx,chr11,6684269,6684570
RPL21P94,11,6685891,6686369,-1.18590626473608,0.0023381274907746,AluSq2,chr11,6685234,6685527
RPL7AP30,4,112788083,112788878,-1.0062033853188,1.7576975422738e-05,AluSg,chr4,112782905,112783208
RPL7AP30,4,112788083,112788878,-1.0062033853188,1.7576975422738e-05,AluY,chr4,112783669,112783947
RPL7AP30,4,112788083,112788878,-1.0062033853188,1.7576975422738e-05,AluJb,chr4,112784205,112784350
RPL7AP30,4,112788083,112788878,-1.0062033853188,1.7576975422738e-05,AluY,chr4,112784350,112784642
RPL7AP30,4,112788083,112788878,-1.0062033853188,1.7576975422738e-05,AluJb,chr4,112784642,112784734
RPL7AP30,4,112788083,112788878,-1.0062033853188,1.7576975422738e-05,AluSg,chr4,112785363,112785669
RPL7AP30,4,112788083,112788878,-1.0062033853188,1.7576975422738e-05,AluJr4,chr4,112785669,112785826
RPL7AP30,4,112788083,112788878,-1.0062033853188,1.7576975422738e-05,AluSz6,chr4,112785839,112786141
RPL7AP30,4,112788083,112788878,-1.0062033853188,1.7576975422738e-05,AluSc8,chr4,112786393,112786687
RPL7AP30,4,112788083,112788878,-1.0062033853188,1.7576975422738e-05,AluSz6,chr4,112786746,112787048
RPL5P29,11,56357328,56358221,-2.15565636843234,0.0404275152784285,AluSx,chr11,56355353,56355655
RPL5P29,11,56357328,56358221,-2.15565636843234,0.0404275152784285,Alu,chr11,56355661,56355713
ZNF702P,19,52966896,53037898,-1.8631977801139,0.0168982471161515,FLAM_A,chr19,52963464,52963569
ZNF702P,19,52966896,53037898,-1.8631977801139,0.0168982471161515,AluJb,chr19,52964564,52964853
ZNF702P,19,52966896,53037898,-1.8631977801139,0.0168982471161515,AluSx,chr19,52965068,52965369
ZNF702P,19,52966896,53037898,-1.8631977801139,0.0168982471161515,AluJb,chr19,52965579,52965698
ZNF702P,19,52966896,53037898,-1.8631977801139,0.0168982471161515,AluSp,chr19,52965699,52966022
ZNF702P,19,52966896,53037898,-1.8631977801139,0.0168982471161515,AluJr,chr19,52966270,52966346
ZNF702P,19,52966896,53037898,-1.8631977801139,0.0168982471161515,AluSq2,chr19,52966842,52967083
MICAL3,22,17787649,18024561,-1.0531716367929,0.0072967311413254,AluSp,chr22,17784504,17784816
MICAL3,22,17787649,18024561,-1.0531716367929,0.0072967311413254,AluSx,chr22,17786284,17786557
TMEM35B,1,34981380,34985347,-1.04357785115817,0.0005726517754334,AluSx,chr1,34979422,34979549
TMEM35B,1,34981380,34985347,-1.04357785115817,0.0005726517754334,AluYb8,chr1,34980050,34980367
NFS1,20,35668052,35699355,-1.15242770353212,0.0065323253896747,AluYk2,chr20,35665312,35665619
NFS1,20,35668052,35699355,-1.15242770353212,0.0065323253896747,AluSq2,chr20,35665628,35665927
NFS1,20,35668052,35699355,-1.15242770353212,0.0065323253896747,AluSx1,chr20,35665941,35666239
NFS1,20,35668052,35699355,-1.15242770353212,0.0065323253896747,AluJr,chr20,35666307,35666659
NFS1,20,35668052,35699355,-1.15242770353212,0.0065323253896747,AluJo,chr20,35666934,35667044
NFS1,20,35668052,35699355,-1.15242770353212,0.0065323253896747,AluSc8,chr20,35667128,35667439
NFS1,20,35668052,35699355,-1.15242770353212,0.0065323253896747,AluSx1,chr20,35667442,35667746
NFS1,20,35668052,35699355,-1.15242770353212,0.0065323253896747,AluJb,chr20,35667754,35668042
DSTNP2,12,6884898,6885684,-1.13830548608399,0.0312708191020325,AluSx,chr12,6879824,6880125
DSTNP2,12,6884898,6885684,-1.13830548608399,0.0312708191020325,AluY,chr12,6880262,6880567
DSTNP2,12,6884898,6885684,-1.13830548608399,0.0312708191020325,FLAM_A,chr12,6880567,6880682
DSTNP2,12,6884898,6885684,-1.13830548608399,0.0312708191020325,AluJr,chr12,6880682,6880960
DSTNP2,12,6884898,6885684,-1.13830548608399,0.0312708191020325,AluJr,chr12,6880960,6880979
DSTNP2,12,6884898,6885684,-1.13830548608399,0.0312708191020325,AluJb,chr12,6880986,6881275
DSTNP2,12,6884898,6885684,-1.13830548608399,0.0312708191020325,AluJo,chr12,6881434,6881722
DSTNP2,12,6884898,6885684,-1.13830548608399,0.0312708191020325,AluY,chr12,6881722,6882048
DSTNP2,12,6884898,6885684,-1.13830548608399,0.0312708191020325,AluJr,chr12,6882178,6882318
DSTNP2,12,6884898,6885684,-1.13830548608399,0.0312708191020325,AluSx,chr12,6882466,6882756
DSTNP2,12,6884898,6885684,-1.13830548608399,0.0312708191020325,AluJr,chr12,6882976,6883088
DSTNP2,12,6884898,6885684,-1.13830548608399,0.0312708191020325,AluSp,chr12,6883090,6883354
DSTNP2,12,6884898,6885684,-1.13830548608399,0.0312708191020325,AluJr,chr12,6883354,6883549
TICAM2-AS1,5,115602057,115623897,-1.54808685558291,0.0024135248454824,FLAM_A,chr5,115598947,115599079
RPL38P4,3,98525061,98525274,-1.44635781002855,0.0067239461468938,AluY,chr3,98524303,98524594
SYT9-AS1,11,7418826,7513665,-1.426477050805,0.0476134148280178,FLAM_A,chr11,7413764,7413896
SCARNA17,18,49814133,49814276,-2.41935144902478,0.007190655275837,AluJb,chr18,49810684,49810891
CAPN1-AS1,11,65177606,65181834,-1.07234290408773,0.0090732502212516,AluSx1,chr11,65173611,65173910
CAPN1-AS1,11,65177606,65181834,-1.07234290408773,0.0090732502212516,AluSx3,chr11,65175488,65175714
CAPN1-AS1,11,65177606,65181834,-1.07234290408773,0.0090732502212516,AluJb,chr11,65175833,65176084
CAPN1-AS1,11,65177606,65181834,-1.07234290408773,0.0090732502212516,AluJr,chr11,65176084,65176384
CAPN1-AS1,11,65177606,65181834,-1.07234290408773,0.0090732502212516,AluSq2,chr11,65176598,65176906
CAPN1-AS1,11,65177606,65181834,-1.07234290408773,0.0090732502212516,AluY,chr11,65176968,65177279
CAPN1-AS1,11,65177606,65181834,-1.07234290408773,0.0090732502212516,AluJr,chr11,65177281,65177457
CAPN1-AS1,11,65177606,65181834,-1.07234290408773,0.0090732502212516,AluSx1,chr11,65177471,65177785
ZNF225,11,66509079,66533613,-1.47589508774781,0.011773944398515,AluJo,chr11,66504115,66504387
ZNF225,11,66509079,66533613,-1.47589508774781,0.011773944398515,FLAM_A,chr11,66505701,66505825
ZNF225,11,66509079,66533613,-1.47589508774781,0.011773944398515,AluSx1,chr11,66505964,66506250
ZNF225,11,66509079,66533613,-1.47589508774781,0.011773944398515,AluSq,chr11,66506252,66506554
ZNF225,11,66509079,66533613,-1.47589508774781,0.011773944398515,AluY,chr11,66507185,66507488
ZNF225,11,66509079,66533613,-1.47589508774781,0.011773944398515,AluSx1,chr11,66507687,66507976
ZNF225,11,66509079,66533613,-1.47589508774781,0.011773944398515,AluSx,chr11,66508511,66508824
LINC01147,14,88018181,88036319,-1.38639856330038,0.0018812043933858,AluSx1,chr14,88013044,88013349
LINC01147,14,88018181,88036319,-1.38639856330038,0.0018812043933858,AluSx,chr14,88013585,88013778
TSPAN5-DT,4,98658894,98664550,-2.01579027469322,0.0230986444184325,AluSc,chr4,98654835,98655144
HMGN2P41,16,35802869,35803280,-1.66755652301455,0.0397551675343895,AluY,chr16,35800662,35800837
HMGN2P41,16,35802869,35803280,-1.66755652301455,0.0397551675343895,AluY,chr16,35800866,35800984
ZNF594-DT,17,5192007,5248182,-1.42500202816435,0.0286238731645922,FLAM_C,chr17,5187889,5188019
ZNF594-DT,17,5192007,5248182,-1.42500202816435,0.0286238731645922,AluY,chr17,5188750,5189046
ZNF594-DT,17,5192007,5248182,-1.42500202816435,0.0286238731645922,AluJr,chr17,5189127,5189245
ZNF594-DT,17,5192007,5248182,-1.42500202816435,0.0286238731645922,AluJr,chr17,5189246,5189537
ZNF594-DT,17,5192007,5248182,-1.42500202816435,0.0286238731645922,AluJr,chr17,5189537,5189817
ZNF594-DT,17,5192007,5248182,-1.42500202816435,0.0286238731645922,AluSx,chr17,5190084,5190377
NFE2L1-DT,17,48045141,48048107,-2.18542236989632,0.0231964634707,AluJo,chr17,48040112,48040372
NFE2L1-DT,17,48045141,48048107,-2.18542236989632,0.0231964634707,AluSc,chr17,48040433,48040730
NFE2L1-DT,17,48045141,48048107,-2.18542236989632,0.0231964634707,AluSz,chr17,48040867,48041172
NFE2L1-DT,17,48045141,48048107,-2.18542236989632,0.0231964634707,AluSq2,chr17,48042122,48042433
NFE2L1-DT,17,48045141,48048107,-2.18542236989632,0.0231964634707,AluSz,chr17,48042464,48042761
NFE2L1-DT,17,48045141,48048107,-2.18542236989632,0.0231964634707,AluSz,chr17,48044064,48044354
NFE2L1-DT,17,48045141,48048107,-2.18542236989632,0.0231964634707,AluJb,chr17,48044951,48045258
DPRXP4,18,76884935,76888724,-1.91569978654661,0.0003724849585154,AluJr4,chr18,76883427,76883727
DPRXP4,18,76884935,76888724,-1.91569978654661,0.0003724849585154,AluSx3,chr18,76884119,76884419
DPRXP4,17,59197566,59215226,-1.30088783383611,0.0042592340303376,FLAM_C,chr17,59193087,59193210
DPRXP4,17,59197566,59215226,-1.30088783383611,0.0042592340303376,FLAM_C,chr17,59194904,59195043
DPRXP4,17,59197566,59215226,-1.30088783383611,0.0042592340303376,AluJr,chr17,59195796,59196109
DPRXP4,17,59197566,59215226,-1.30088783383611,0.0042592340303376,AluSz,chr17,59196367,59196675
DPRXP4,17,59197566,59215226,-1.30088783383611,0.0042592340303376,AluSg7,chr17,59196850,59197145
DPRXP4,17,59197566,59215226,-1.30088783383611,0.0042592340303376,AluY,chr17,59197254,59197518
ZNF818P,19,53204016,53214522,-1.22073622175702,0.0203138870883735,AluSc5,chr19,53198844,53199126
ZNF818P,19,53204016,53214522,-1.22073622175702,0.0203138870883735,AluSx,chr19,53199952,53200234
ZNF818P,19,53204016,53214522,-1.22073622175702,0.0203138870883735,AluSx3,chr19,53200741,53201037
ZNF818P,19,53204016,53214522,-1.22073622175702,0.0203138870883735,AluSp,chr19,53201590,53201886
ZNF818P,19,53204016,53214522,-1.22073622175702,0.0203138870883735,AluSq10,chr19,53201923,53202219
ZNF818P,19,53204016,53214522,-1.22073622175702,0.0203138870883735,AluSq,chr19,53202504,53202766
ZNF818P,19,53204016,53214522,-1.22073622175702,0.0203138870883735,AluSc,chr19,53203135,53203443
RCC1L,7,75027122,75074228,-1.94228328732086,5.32288198613845e-07,AluJo,chr7,75022223,75022520
RCC1L,7,75027122,75074228,-1.94228328732086,5.32288198613845e-07,AluSx,chr7,75022520,75022835
RCC1L,7,75027122,75074228,-1.94228328732086,5.32288198613845e-07,AluY,chr7,75023028,75023332
RCC1L,7,75027122,75074228,-1.94228328732086,5.32288198613845e-07,AluSz,chr7,75023461,75023739
RCC1L,7,75027122,75074228,-1.94228328732086,5.32288198613845e-07,AluSz,chr7,75024005,75024302
RCC1L,7,75027122,75074228,-1.94228328732086,5.32288198613845e-07,AluSz,chr7,75026189,75026489
PDE4DIPP4,1,121029592,121042572,-1.09326956653817,0.0411304600460808,AluSz,chr1,121026599,121026900
RN7SL473P,1,150566562,150566860,-1.97213903713572,0.0174645702916698,AluJo,chr1,150564440,150564749
RN7SL473P,1,150566562,150566860,-1.97213903713572,0.0174645702916698,AluSq2,chr1,150565198,150565497
RN7SL473P,1,150566562,150566860,-1.97213903713572,0.0174645702916698,AluSx,chr1,150565523,150565665
RN7SL473P,1,150566562,150566860,-1.97213903713572,0.0174645702916698,FLAM_A,chr1,150565684,150565786
RN7SL473P,1,150566562,150566860,-1.97213903713572,0.0174645702916698,AluJb,chr1,150565799,150565955
RN7SL473P,1,150566562,150566860,-1.97213903713572,0.0174645702916698,AluSz6,chr1,150566044,150566349
PRAL,16,53487607,53489943,-1.09833877810721,0.0049935765513972,AluSq2,chr16,53482527,53482829
PRAL,16,53487607,53489943,-1.09833877810721,0.0049935765513972,AluJr,chr16,53483280,53483538
PRAL,16,53487607,53489943,-1.09833877810721,0.0049935765513972,AluSq2,chr16,53483608,53483894
PRAL,16,53487607,53489943,-1.09833877810721,0.0049935765513972,AluJo,chr16,53485572,53485880
PRAL,16,53487607,53489943,-1.09833877810721,0.0049935765513972,AluJb,chr16,53486009,53486304
PRAL,16,78525189,78526535,-1.98814663842607,0.0112248991314381,AluJr,chr16,78521238,78521355
PRAL,16,78525189,78526535,-1.98814663842607,0.0112248991314381,AluSz,chr16,78522789,78523101
PRAL,16,78525189,78526535,-1.98814663842607,0.0112248991314381,AluSg,chr16,78524432,78524718
PRAL,16,78525189,78526535,-1.98814663842607,0.0112248991314381,AluJr,chr16,78524855,78525165
PRAL,16,78525189,78526535,-1.98814663842607,0.0112248991314381,AluY,chr16,78525173,78525484
PRAL,2,219075329,219170827,-1.21609207523521,0.0062915675513099,AluSx,chr2,219070182,219070491
PRAL,2,219075329,219170827,-1.21609207523521,0.0062915675513099,AluJr4,chr2,219070491,219070636
PRAL,2,219075329,219170827,-1.21609207523521,0.0062915675513099,AluSq2,chr2,219074461,219074763
LINC01232,13,99486962,99499306,-1.0703963871679,0.0378831132988808,AluSx3,chr13,99482221,99482520
LINC01232,13,99486962,99499306,-1.0703963871679,0.0378831132988808,AluSx,chr13,99485492,99485793
LINC01232,13,99486962,99499306,-1.0703963871679,0.0378831132988808,AluY,chr13,99485907,99486209
LINC01232,4,6697861,6698809,-1.65285360812081,0.0092174343523385,AluJb,chr4,6694952,6695265
LINC01232,4,6697861,6698809,-1.65285360812081,0.0092174343523385,AluSq2,chr4,6697542,6697835
LINC01232,4,6697861,6698809,-1.65285360812081,0.0092174343523385,AluYm1,chr4,6697850,6698154
MYOCOS,1,171600621,171638799,-2.88564430143167,0.0017372052612152,AluSx3,chr1,171598870,171599165
MYOCOS,1,171600621,171638799,-2.88564430143167,0.0017372052612152,AluSp,chr1,171599881,171600179
MYOCOS,1,16642767,16643109,-1.92389853831529,0.0189118667373072,AluSg,chr1,16637581,16637884
MYOCOS,1,16642767,16643109,-1.92389853831529,0.0189118667373072,AluJo,chr1,16638835,16639105
MYOCOS,1,16642767,16643109,-1.92389853831529,0.0189118667373072,AluSq,chr1,16640578,16640886
MYOCOS,1,16642767,16643109,-1.92389853831529,0.0189118667373072,AluY,chr1,16640886,16641199
MYOCOS,1,16642767,16643109,-1.92389853831529,0.0189118667373072,AluJo,chr1,16642011,16642314
SLC7A14-AS1,3,170448639,170860993,-1.88176372325314,0.0103103769925348,AluSz6,chr3,170444067,170444360
SLC7A14-AS1,3,170448639,170860993,-1.88176372325314,0.0103103769925348,AluSc5,chr3,170444443,170444734
SLC7A14-AS1,3,170448639,170860993,-1.88176372325314,0.0103103769925348,AluSx,chr3,170445224,170445526
SLC7A14-AS1,3,170448639,170860993,-1.88176372325314,0.0103103769925348,AluYh3,chr3,170446275,170446439
SLC7A14-AS1,3,170448639,170860993,-1.88176372325314,0.0103103769925348,AluJb,chr3,170446459,170446758
SLC7A14-AS1,3,170448639,170860993,-1.88176372325314,0.0103103769925348,AluSx1,chr3,170447259,170447565
SLC7A14-AS1,3,170448639,170860993,-1.88176372325314,0.0103103769925348,AluSx,chr3,170447566,170447854
